{
  "schema_version": 1,
  "dataset": "unimelb-nlp/wikiann",
  "config": "en",
  "max_train_sents": 20000,
  "smoothing": 1e-06,
  "labels": [
    "O",
    "B-PER",
    "I-PER",
    "B-ORG",
    "I-ORG",
    "B-LOC",
    "I-LOC",
    "B-MISC",
    "I-MISC"
  ],
  "initial": [
    0.4160499998627775,
    0.21154999995480253,
    4.99999999775e-11,
    0.20684999995691752,
    4.99999999775e-11,
    0.1655499999755025,
    4.99999999775e-11,
    4.99999999775e-11,
    4.99999999775e-11
  ],
  "transitions": [
    [
      0.7730174107947859,
      0.06769156242542354,
      1.4247855695890482e-11,
      0.07398911464300713,
      1.4247855695890482e-11,
      0.08530191206554417,
      1.4247855695890482e-11,
      1.4247855695890482e-11,
      1.4247855695890482e-11
    ],
    [
      0.039456378851917204,
      0.0010960106302209452,
      0.9591188067040695,
      0.0002192022137250307,
      1.0960105206198929e-10,
      0.00010960116166304136,
      1.0960105206198929e-10,
      1.0960105206198929e-10,
      1.0960105206198929e-10
    ],
    [
      0.4988884311659122,
      0.010621655076525738,
      0.489666529155455,
      0.0008233841904149479,
      8.233841080765369e-11,
      8.233841080765369e-11,
      8.233841080765369e-11,
      8.233841080765369e-11,
      8.233841080765369e-11
    ],
    [
      0.12312151136667093,
      0.000751395555306724,
      1.0734220685207387e-10,
      0.0019321598306795366,
      0.8735508794695194,
      0.0006440533484546501,
      1.0734220685207387e-10,
      1.0734220685207387e-10,
      1.0734220685207387e-10
    ],
    [
      0.2534768292652567,
      0.0017199862884918237,
      4.9142463981410284e-11,
      0.00280112049608285,
      0.7414614966006609,
      0.0005405671529379771,
      4.9142463981410284e-11,
      4.9142463981410284e-11,
      4.9142463981410284e-11
    ],
    [
      0.3667454154234775,
      0.00011249870615226815,
      1.1249859365367451e-10,
      0.0003374958934596172,
      1.1249859365367451e-10,
      0.0007874902680743152,
      0.6320170992588421,
      1.1249859365367451e-10,
      1.1249859365367451e-10
    ],
    [
      0.2698122290391613,
      9.629272981544203e-11,
      9.629272981544203e-11,
      0.0001925855559236139,
      9.629272981544203e-11,
      0.0021184401522324546,
      0.7278767447712191,
      9.629272981544203e-11,
      9.629272981544203e-11
    ],
    [
      0.1111111111111111,
      0.1111111111111111,
      0.1111111111111111,
      0.1111111111111111,
      0.1111111111111111,
      0.1111111111111111,
      0.1111111111111111,
      0.1111111111111111,
      0.1111111111111111
    ],
    [
      0.1111111111111111,
      0.1111111111111111,
      0.1111111111111111,
      0.1111111111111111,
      0.1111111111111111,
      0.1111111111111111,
      0.1111111111111111,
      0.1111111111111111,
      0.1111111111111111
    ]
  ],
  "eval": {
    "tokens": 24193,
    "nll_per_token": 0.744624811149558,
    "perplexity": 2.1056512698800502
  }
}